{"cameraMode":{"drawMode":0,"name":"Shaded","section":"Shading Mode"},"sceneLighting":true,"audioPlay":false,"sceneViewState":{"m_AlwaysRefresh":false,"showFog":true,"showSkybox":true,"showFlares":true,"showImageEffects":true,"showParticleSystems":true,"showVisualEffectGraphs":true,"m_FxEnabled":true},"in2DMode":false,"pivot":{"x":-4.197708606719971,"y":-0.9425568580627441,"z":-1.7901296615600587},"rotation":{"x":0.7098590731620789,"y":-0.024280348792672159,"z":0.024499859660863878,"w":0.703498899936676},"size":12.601749420166016,"orthographic":true}