{"cameraMode":{"drawMode":0,"name":"Shaded","section":"Shading Mode"},"sceneLighting":true,"audioPlay":false,"sceneViewState":{"m_AlwaysRefresh":false,"showFog":true,"showSkybox":true,"showFlares":true,"showImageEffects":true,"showParticleSystems":true,"showVisualEffectGraphs":true,"m_FxEnabled":true},"in2DMode":false,"pivot":{"x":457.2215881347656,"y":252.21115112304688,"z":-2.6248955726623537},"rotation":{"x":0.050356656312942508,"y":0.02845962718129158,"z":-0.0014362919609993697,"w":0.9983266592025757},"size":77.15998840332031,"orthographic":true}